{"entity": {"product_name": "Microsoft", "vendor": "Microsoft", "confidence": 0.9}, "taxonomy": "Unknown", "brief": {"description": "Microsoft provides enterprise software, cloud services, and productivity tools.", "usage": "Deployed by organizations across various sectors. Typical use cases include unknown.", "vendorReputation": {"summary": "Microsoft demonstrates mature security practices with an active PSIRT program.", "psirtMaturity": "HIGH", "sources": ["https://example.com/"]}, "vulnerabilityTrends": {"summary": "Analysis of 4 CVEs reveals 1 critical, 2 high, and 1 medium severity vulnerabilities. Critical vulnerabilities identified require timely patching.", "criticalCount": 1, "highCount": 2, "mediumCount": 1, "sources": ["https://nvd.nist.gov/vuln/detail/CVE-2024-0001", "https://nvd.nist.gov/vuln/detail/CVE-2024-0002", "https://nvd.nist.gov/vuln/detail/CVE-2024-0003", "https://nvd.nist.gov/vuln/detail/CVE-2023-0004"]}, "incidents": {"summary": "No Microsoft vulnerabilities appear in CISA's Known Exploited Vulnerabilities catalog, indicating no confirmed active exploitation.", "hasKEV": false, "sources": []}, "dataHandling": {"summary": "Enterprise-grade encryption typically implemented for data at rest and in transit per industry standards.", "encryption": "AES-256, TLS 1.2+", "compliance": ["SOC2", "ISO 27001"]}, "controls": {"summary": "Enterprise-grade access controls, SSO, MFA, and audit logging available.", "accessControl": "RBAC, SSO, MFA", "logging": "Comprehensive audit logs"}}, "trust_score": {"value": 82, "confidence": "high", "rationale": "Score based on 4 CVEs (1 critical, 2 high, 1 medium), 0 CISA KEV entries, HIGH PSIRT maturity, and Microsoft vendor reputation.", "breakdown": [{"component": "Vulnerability Exposure", "score": 66, "weight": 0.25}, {"component": "Vendor Maturity", "score": 85, "weight": 0.2}, {"component": "Compliance Coverage", "score": 85, "weight": 0.15}, {"component": "Incident History", "score": 100, "weight": 0.15}, {"component": "Controls Capability", "score": 85, "weight": 0.15}, {"component": "Data Handling", "score": 85, "weight": 0.1}]}, "alternatives": [{"product": "Google Workspace", "vendor": "Google", "rationale": "Comparable enterprise security posture with strong encryption and compliance certifications."}, {"product": "Box", "vendor": "Box Inc.", "rationale": "Specialized in secure content management with granular access controls and compliance focus."}], "evidence_sources": [{"type": "NVD CVE Database", "url": "https://nvd.nist.gov/", "retrieved_at": "2025-11-16T02:48:02.965115", "count": 4}], "cve_data": [{"id": "CVE-2024-0001", "severity": "CRITICAL", "score": 9.8, "description": "Remote code execution in Exchange Server", "published": "2024-01-12", "url": "https://nvd.nist.gov/vuln/detail/CVE-2024-0001"}, {"id": "CVE-2024-0002", "severity": "HIGH", "score": 7.8, "description": "Privilege escalation in Windows kernel", "published": "2024-02-08", "url": "https://nvd.nist.gov/vuln/detail/CVE-2024-0002"}, {"id": "CVE-2024-0003", "severity": "HIGH", "score": 7.2, "description": "SQL injection in SharePoint", "published": "2024-03-15", "url": "https://nvd.nist.gov/vuln/detail/CVE-2024-0003"}, {"id": "CVE-2023-0004", "severity": "MEDIUM", "score": 5.4, "description": "Cross-site scripting in Teams", "published": "2023-09-20", "url": "https://nvd.nist.gov/vuln/detail/CVE-2023-0004"}], "cisa_data": [], "timestamp": "2025-11-16T02:48:02.965127", "snapshot_mode": true}