{"entity": {"product_name": "GitHub.com", "vendor": "GitHub.com", "confidence": 0.9}, "taxonomy": "Unknown", "brief": {"description": "GitHub.com is a web-based version control and collaboration platform for software development using Git.", "usage": "Deployed by organizations across various sectors. Typical use cases include unknown.", "vendorReputation": {"summary": "GitHub.com demonstrates mature security practices with an active PSIRT program.", "psirtMaturity": "HIGH", "sources": ["https://example.com/"]}, "vulnerabilityTrends": {"summary": "Analysis of 1 CVEs reveals 0 critical, 0 high, and 1 medium severity vulnerabilities. No critical vulnerabilities in recent disclosure period.", "criticalCount": 0, "highCount": 0, "mediumCount": 1, "sources": ["https://nvd.nist.gov/vuln/detail/CVE-2024-9999"]}, "incidents": {"summary": "No GitHub.com vulnerabilities appear in CISA's Known Exploited Vulnerabilities catalog, indicating no confirmed active exploitation.", "hasKEV": false, "sources": []}, "dataHandling": {"summary": "Enterprise-grade encryption typically implemented for data at rest and in transit per industry standards.", "encryption": "AES-256, TLS 1.2+", "compliance": ["SOC2", "ISO 27001"]}, "controls": {"summary": "Enterprise-grade access controls, SSO, MFA, and audit logging available.", "accessControl": "RBAC, SSO, MFA", "logging": "Comprehensive audit logs"}}, "trust_score": {"value": 90, "confidence": "high", "rationale": "Score based on 1 CVEs (0 critical, 0 high, 1 medium), 0 CISA KEV entries, HIGH PSIRT maturity, and GitHub.com vendor reputation.", "breakdown": [{"component": "Vulnerability Exposure", "score": 97, "weight": 0.25}, {"component": "Vendor Maturity", "score": 85, "weight": 0.2}, {"component": "Compliance Coverage", "score": 85, "weight": 0.15}, {"component": "Incident History", "score": 100, "weight": 0.15}, {"component": "Controls Capability", "score": 85, "weight": 0.15}, {"component": "Data Handling", "score": 85, "weight": 0.1}]}, "alternatives": [{"product": "GitLab", "vendor": "GitLab Inc.", "rationale": "Self-hosted option available. Comprehensive security scanning and DevSecOps features."}, {"product": "Bitbucket", "vendor": "Atlassian", "rationale": "Enterprise-grade with Atlassian security ecosystem. Strong integration with Jira and Confluence."}], "evidence_sources": [{"type": "NVD CVE Database", "url": "https://nvd.nist.gov/", "retrieved_at": "2025-11-16T04:14:56.200477", "count": 1}], "cve_data": [{"id": "CVE-2024-9999", "severity": "MEDIUM", "score": 5.5, "description": "Generic vulnerability in product", "published": "2024-05-01", "url": "https://nvd.nist.gov/vuln/detail/CVE-2024-9999"}], "cisa_data": [], "timestamp": "2025-11-16T04:14:56.200491", "snapshot_mode": true}