{"entity": {"product_name": "Slack", "vendor": "Slack Technologies Inc.", "confidence": 0.9}, "taxonomy": "Team Collaboration", "brief": {"description": "Slack is a cloud-based team collaboration and communication platform that enables real-time messaging, file sharing, and integration with third-party services.", "usage": "Deployed by organizations across various sectors. Typical use cases include team collaboration.", "vendorReputation": {"summary": "Slack Technologies Inc. demonstrates mature security practices with an active PSIRT program.", "psirtMaturity": "HIGH", "sources": ["https://slack.com/"]}, "vulnerabilityTrends": {"summary": "Analysis of 3 CVEs reveals 0 critical, 1 high, and 2 medium severity vulnerabilities. No critical vulnerabilities in recent disclosure period.", "criticalCount": 0, "highCount": 1, "mediumCount": 2, "sources": ["https://nvd.nist.gov/vuln/detail/CVE-2024-1234", "https://nvd.nist.gov/vuln/detail/CVE-2024-5678", "https://nvd.nist.gov/vuln/detail/CVE-2023-9012"]}, "incidents": {"summary": "No Slack vulnerabilities appear in CISA's Known Exploited Vulnerabilities catalog, indicating no confirmed active exploitation.", "hasKEV": false, "sources": []}, "dataHandling": {"summary": "Enterprise-grade encryption typically implemented for data at rest and in transit per industry standards.", "encryption": "AES-256, TLS 1.2+", "compliance": ["SOC2", "ISO 27001"]}, "controls": {"summary": "Enterprise-grade access controls, SSO, MFA, and audit logging available.", "accessControl": "RBAC, SSO, MFA", "logging": "Comprehensive audit logs"}}, "trust_score": {"value": 88, "confidence": "high", "rationale": "Score based on 3 CVEs (0 critical, 1 high, 2 medium), 0 CISA KEV entries, HIGH PSIRT maturity, and Slack Technologies Inc. vendor reputation.", "breakdown": [{"component": "Vulnerability Exposure", "score": 86, "weight": 0.25}, {"component": "Vendor Maturity", "score": 85, "weight": 0.2}, {"component": "Compliance Coverage", "score": 85, "weight": 0.15}, {"component": "Incident History", "score": 100, "weight": 0.15}, {"component": "Controls Capability", "score": 85, "weight": 0.15}, {"component": "Data Handling", "score": 85, "weight": 0.1}]}, "alternatives": [{"product": "Microsoft Teams", "vendor": "Microsoft", "rationale": "Enterprise-grade security with SOC2, ISO 27001, FedRAMP certifications. Mature PSIRT program and integrated with Microsoft 365 ecosystem."}, {"product": "Mattermost", "vendor": "Mattermost Inc.", "rationale": "Open-source with self-hosted deployment option. Full control over data residency and security configurations."}], "evidence_sources": [{"type": "NVD CVE Database", "url": "https://nvd.nist.gov/", "retrieved_at": "2025-11-16T02:47:13.826670", "count": 3}], "cve_data": [{"id": "CVE-2024-1234", "severity": "HIGH", "score": 7.5, "description": "XSS vulnerability in message rendering allows attackers to inject malicious scripts", "published": "2024-06-15", "url": "https://nvd.nist.gov/vuln/detail/CVE-2024-1234"}, {"id": "CVE-2024-5678", "severity": "MEDIUM", "score": 5.3, "description": "Information disclosure in API endpoint exposes user metadata", "published": "2024-08-20", "url": "https://nvd.nist.gov/vuln/detail/CVE-2024-5678"}, {"id": "CVE-2023-9012", "severity": "MEDIUM", "score": 4.9, "description": "CSRF vulnerability in workspace settings", "published": "2023-11-10", "url": "https://nvd.nist.gov/vuln/detail/CVE-2023-9012"}], "cisa_data": [], "timestamp": "2025-11-16T02:47:13.826682", "snapshot_mode": true}