{
  "snapshot_id": "assessment_Slack_2025-11-16T02:27:12.154586",
  "created_at": "2025-11-16T00:27:12.154594",
  "dependency_lock": {
    "data": {
      "entity": {
        "product_name": "Slack",
        "vendor": "Slack Technologies Inc.",
        "confidence": 0.9
      },
      "taxonomy": "Team Collaboration",
      "brief": {
        "description": "Slack is a cloud-based team collaboration and communication platform that enables real-time messaging, file sharing, and integration with third-party services.",
        "usage": "Deployed by organizations across various sectors. Typical use cases include team collaboration.",
        "vendorReputation": {
          "summary": "Slack Technologies Inc. demonstrates mature security practices with an active PSIRT program.",
          "psirtMaturity": "HIGH",
          "sources": [
            "https://slack.com/"
          ]
        },
        "vulnerabilityTrends": {
          "summary": "No publicly disclosed CVEs found in recent analysis. This may indicate strong security practices or limited public disclosure.",
          "criticalCount": 0,
          "highCount": 0,
          "mediumCount": 0,
          "sources": []
        },
        "incidents": {
          "summary": "No Slack vulnerabilities appear in CISA's Known Exploited Vulnerabilities catalog, indicating no confirmed active exploitation.",
          "hasKEV": false,
          "sources": []
        },
        "dataHandling": {
          "summary": "Enterprise-grade encryption typically implemented for data at rest and in transit per industry standards.",
          "encryption": "AES-256, TLS 1.2+",
          "compliance": [
            "SOC2",
            "ISO 27001"
          ]
        },
        "controls": {
          "summary": "Enterprise-grade access controls, SSO, MFA, and audit logging available.",
          "accessControl": "RBAC, SSO, MFA",
          "logging": "Comprehensive audit logs"
        }
      },
      "trust_score": {
        "value": 91,
        "confidence": "high",
        "rationale": "Score based on 0 CVEs (0 critical, 0 high, 0 medium), 0 CISA KEV entries, HIGH PSIRT maturity, and Slack Technologies Inc. vendor reputation.",
        "breakdown": [
          {
            "component": "Vulnerability Exposure",
            "score": 100,
            "weight": 0.25
          },
          {
            "component": "Vendor Maturity",
            "score": 85,
            "weight": 0.2
          },
          {
            "component": "Compliance Coverage",
            "score": 85,
            "weight": 0.15
          },
          {
            "component": "Incident History",
            "score": 100,
            "weight": 0.15
          },
          {
            "component": "Controls Capability",
            "score": 85,
            "weight": 0.15
          },
          {
            "component": "Data Handling",
            "score": 85,
            "weight": 0.1
          }
        ]
      },
      "alternatives": [
        {
          "product": "Microsoft Teams",
          "vendor": "Microsoft",
          "homepage": "https://www.microsoft.com/teams",
          "rationale": "Enterprise support available; Compliance: SOC 2, ISO 27001, FedRAMP, HIPAA",
          "category": "Team Collaboration"
        }
      ],
      "evidence_sources": [],
      "cve_data": [],
      "cisa_data": [],
      "timestamp": "2025-11-16T02:27:12.154572",
      "snapshot_mode": true
    }
  }
}