{"entity": {"product_name": "RandomApp123", "vendor": "RandomApp123", "confidence": 0.9}, "taxonomy": "Unknown", "brief": {"description": "RandomApp123 is a Unknown solution by RandomApp123.", "usage": "Deployed by organizations across various sectors. Typical use cases include unknown.", "vendorReputation": {"summary": "RandomApp123 shows developing security practices with a PSIRT program.", "psirtMaturity": "MEDIUM", "sources": ["https://example.com/"]}, "vulnerabilityTrends": {"summary": "Analysis of 1 CVEs reveals 0 critical, 0 high, and 1 medium severity vulnerabilities. No critical vulnerabilities in recent disclosure period.", "criticalCount": 0, "highCount": 0, "mediumCount": 1, "sources": ["https://nvd.nist.gov/vuln/detail/CVE-2024-9999"]}, "incidents": {"summary": "No RandomApp123 vulnerabilities appear in CISA's Known Exploited Vulnerabilities catalog, indicating no confirmed active exploitation.", "hasKEV": false, "sources": []}, "dataHandling": {"summary": "Encryption practices require vendor verification.", "encryption": "Requires verification", "compliance": []}, "controls": {"summary": "Control capabilities require verification.", "accessControl": "Basic", "logging": "Limited"}}, "trust_score": {"value": 80, "confidence": "high", "rationale": "Score based on 1 CVEs (0 critical, 0 high, 1 medium), 0 CISA KEV entries, MEDIUM PSIRT maturity, and RandomApp123 vendor reputation.", "breakdown": [{"component": "Vulnerability Exposure", "score": 97, "weight": 0.25}, {"component": "Vendor Maturity", "score": 70, "weight": 0.2}, {"component": "Compliance Coverage", "score": 70, "weight": 0.15}, {"component": "Incident History", "score": 100, "weight": 0.15}, {"component": "Controls Capability", "score": 65, "weight": 0.15}, {"component": "Data Handling", "score": 70, "weight": 0.1}]}, "alternatives": [{"product": "Enterprise Alternative", "vendor": "Secure Vendor Inc.", "rationale": "Mature security program with comprehensive compliance certifications and transparent vulnerability disclosure."}, {"product": "Open Source Option", "vendor": "Community Project", "rationale": "Self-hosted deployment for full control. Active security community and rapid patch cycles."}], "evidence_sources": [{"type": "NVD CVE Database", "url": "https://nvd.nist.gov/", "retrieved_at": "2025-11-16T02:48:42.878007", "count": 1}], "cve_data": [{"id": "CVE-2024-9999", "severity": "MEDIUM", "score": 5.5, "description": "Generic vulnerability in product", "published": "2024-05-01", "url": "https://nvd.nist.gov/vuln/detail/CVE-2024-9999"}], "cisa_data": [], "timestamp": "2025-11-16T02:48:42.878018", "snapshot_mode": true}